Workbook

Sheet FMC_Setup_Sheet
A1: Definition | B1: FMC Pin Identifier | C1: Pin Alias | D1: Pin Direction | E1: HPC or LPC | F1: LPC | W1: Input
A2: User Clock Bidirectional | B2: CLK2_BIDIR_P | C2: Tim_P | D2: Input | E2: 1 | F2: 0 | W2: Output
A3: User Clock Bidirectional | B3: CLK2_BIDIR_N | C3: Tim_N | D3: Output | E3: 1 | F3: 0
A4: Differential Pair (User Defined) | B4: HA02_P | C4: Sally_P | D4: Input | E4: 1 | F4: 0
A5: Differential Pair (User Defined) | B5: HA02_N | C5: Sally_N | D5: Output | E5: 1 | F5: 0
A6: Differential Pair (User Defined) | B6: HA06_P | D6: Input | E6: 1 | F6: 0
A7: Differential Pair (User Defined) | B7: HA06_N | D7: Input | E7: 1 | F7: 0
A8: Differential Pair (User Defined) | B8: HA10_P | D8: Input | E8: 1 | F8: 0
A9: Differential Pair (User Defined) | B9: HA10_N | D9: Input | E9: 1 | F9: 0
A10: Differential Pair (User Defined, Clock Capable) | B10: HA17_P_CC | D10: Input | E10: 1 | F10: 0
A11: Differential Pair (User Defined, Clock Capable) | B11: HA17_N_CC | D11: Input | E11: 1 | F11: 0
A12: Differential Pair (User Defined) | B12: HA21_P | D12: Input | E12: 1 | F12: 0
A13: Differential Pair (User Defined) | B13: HA21_N | D13: Input | E13: 1 | F13: 0
A14: Differential Pair (User Defined) | B14: HA23_P | D14: Input | E14: 1 | F14: 0
A15: Differential Pair (User Defined) | B15: HA23_N | D15: Input | E15: 1 | F15: 0
A16: Differential Pair (User Defined, Clock Capable) | B16: HB00_P_CC | D16: Input | E16: 1 | F16: 0
A17: Differential Pair (User Defined, Clock Capable) | B17: HB00_N_CC | D17: Input | E17: 1 | F17: 0
... A49: Differential Pair (User Defined) | B49: HB18_N | D49: Input | E49: 1 | F49: 0
A50: User Clock Mezzanine to Carrier | B50: CLK0_M2C_P | C50: George_P | D50: Input | E50: 2 | F50: 2
A51: User Clock Mezzanine to Carrier | B51: CLK0_M2C_N | C51: George_N | D51: Output | E51: 2 | F51: 2
A52: Differential Pair (User Defined) | B52: LA02_P | D52: Input | E52: 2 | F52: 2
A53: Differential Pair (User Defined) | B53: LA02_N | D53: Input | E53: 2 | F53: 2
A54: Differential Pair (User Defined) | B54: LA04_P | D54: Input | E54: 2 | F54: 2
A55: Differential Pair (User Defined) | B55: LA04_N | D55: Input | E55: 2 | F55: 2
A56: Differential Pair (User Defined) | B56: LA07_P | D56: Input | E56: 2 | F56: 2
A57: Differential Pair (User Defined) | B57: LA07_N | D57: Input | E57: 2 | F57: 2
A58: Differential Pair (User Defined) | B58: LA11_P | D58: Input | E58: 2 | F58: 2
A59: Differential Pair (User Defined) | B59: LA11_N | D59: Input | E59: 2 | F59: 2
A60: Differential Pair (User Defined) | B60: LA15_P | D60: Input | E60: 2 | F60: 2
A61: Differential Pair (User Defined) | B61: LA15_N | D61: Input | E61: 2 | F61: 2
A62: Differential Pair (User Defined) | B62: LA19_P | C62: Ruth_P | D62: Input | E62: 2 | F62: 2
A63: Differential Pair (User Defined) | B63: LA19_N | C63: Ruth_N | D63: Output | E63: 2 | F63: 2
A64: Differential Pair (User Defined) | B64: LA21_P | D64: Input | E64: 2 | F64: 2
A65: Differential Pair (User Defined) | B65: LA21_N | D65: Input | E65: 2 | F65: 2
A66: Differential Pair (User Defined) | B66: LA24_P | D66: Input | E66: 2 | F66: 2
A67: Differential Pair (User Defined) | B67: LA24_N | D67: Input | E67: 2 | F67: 2
A68: Differential Pair (User Defined) | B68: LA28_P | D68: Input | E68: 2 | F68: 2
A69: Differential Pair (User Defined) | B69: LA28_N | D69: Input | E69: 2 | F69: 2
A70: Differential Pair (User Defined) | B70: LA30_P | D70: Input | E70: 2 | F70: 2
A71: Differential Pair (User Defined) | B71: LA30_N | D71: Input | E71: 2 | F71: 2
A72: Differential Pair (User Defined) | B72: LA32_P | D72: Input | E72: 2 | F72: 2
A73: Differential Pair (User Defined) | B73: LA32_N | D73: Input | E73: 2 | F73: 2
A74: User Clock Mezzanine to Carrier | B74: CLK1_M2C_P | D74: Input | E74: 2 | F74: 2
A75: User Clock Mezzanine to Carrier | B75: CLK1_M2C_N | D75: Input | E75: 2 | F75: 2
... A145: Differential Pair (User Defined) | B145: HB21_N | D145: Input | E145: 1 | F145: 0
A146: Multi-gigabit transcever clock | B146: GBTCLK0_M2C_P | C146: Hans_P | D146: Input | E146: 2 | F146: 2
A147: Multi-gigabit transcever clock | B147: GBTCLK0_M2C_N | C147: Hans_N | D147: Output | E147: 2 | F147: 2
A148: Differential Pair (User Defined, Clock Capable) | B148: LA01_P_CC | D148: Input | E148: 2 | F148: 2
A149: Differential Pair (User Defined, Clock Capable) | B149: LA01_N_CC | D149: Input | E149: 2 | F149: 2
A150: Differential Pair (User Defined) | B150: LA05_P | D150: Input | E150: 2 | F150: 2
A151: Differential Pair (User Defined) | B151: LA05_N | D151: Input | E151: 2 | F151: 2
A152: Differential Pair (User Defined) | B152: LA09_P | D152: Input | E152: 2 | F152: 2
A153: Differential Pair (User Defined) | B153: LA09_N | D153: Input | E153: 2 | F153: 2
A154: Differential Pair (User Defined) | B154: LA13_P | D154: Input | E154: 2 | F154: 2
A155: Differential Pair (User Defined) | B155: LA13_N | D155: Input | E155: 2 | F155: 2
A156: Differential Pair (User Defined, Clock Capable) | B156: LA17_P_CC | D156: Input | E156: 2 | F156: 2
A157: Differential Pair (User Defined, Clock Capable) | B157: LA17_N_CC | D157: Input | E157: 2 | F157: 2
A158: Differential Pair (User Defined) | B158: LA23_P | D158: Input | E158: 2 | F158: 2
A159: Differential Pair (User Defined) | B159: LA23_N | D159: Input | E159: 2 | F159: 2
... A161: Differential Pair (User Defined) | B161: LA26_N | D161: Input | E161: 2 | F161: 2
A162: Multi-gigabit transcever | B162: DP0_C2M_P | C162: Tracy_P | D162: Input | E162: 2 | F162: 2
A163: Multi-gigabit transcever | B163: DP0_C2M_N | C163: Tracy_N | D163: Output | E163: 2 | F163: 2
A164: Multi-gigabit transcever | B164: DP0_M2C_P | C164: Ethan_P | D164: Input | E164: 2 | F164: 2
A165: Multi-gigabit transcever | B165: DP0_M2C_N | C165: Ethan_N | D165: Output | E165: 2 | F165: 2
A166: Differential Pair (User Defined) | B166: LA06_P | D166: Input | E166: 2 | F166: 2
A167: Differential Pair (User Defined) | B167: LA06_N | D167: Input | E167: 2 | F167: 2
A168: Differential Pair (User Defined) | B168: LA10_P | D168: Input | E168: 2 | F168: 2
A169: Differential Pair (User Defined) | B169: LA10_N | D169: Input | E169: 2 | F169: 2
A170: Differential Pair (User Defined) | B170: LA14_P | D170: Input | E170: 2 | F170: 2
A171: Differential Pair (User Defined) | B171: LA14_N | D171: Input | E171: 2 | F171: 2
A172: Differential Pair (User Defined, Clock Capable) | B172: LA18_P_CC | D172: Input | E172: 2 | F172: 2
A173: Differential Pair (User Defined, Clock Capable) | B173: LA18_N_CC | D173: Input | E173: 2 | F173: 2
A174: Differential Pair (User Defined) | B174: LA27_P | D174: Input | E174: 2 | F174: 2
A175: Differential Pair (User Defined) | B175: LA27_N | D175: Input | E175: 2 | F175: 2
A176: Sets direction for bidirectional clocks | B176: CLK_DIR | D176: Input | E176: 1 | F176: 0
A177: Multi-gigabit transcever | B177: DP9_M2C_P | D177: Input | E177: 1 | F177: 0
... A184: Multi-gigabit transcever | B184: DP6_M2C_N | D184: Input | E184: 1 | F184: 0
A185: Multi-gigabit transcever clock | B185: GBTCLK1_M2C_P | C185: Ingrid_P | D185: Input | E185: 1 | F185: 0
A186: Multi-gigabit transcever clock | B186: GBTCLK1_M2C_N | C186: Ingrid_N | D186: Output | E186: 1 | F186: 0
A187: Multi-gigabit transcever | B187: DP9_C2M_P | D187: Input | E187: 1 | F187: 0
A188: Multi-gigabit transcever | B188: DP9_C2M_N | D188: Input | E188: 1 | F188: 0
A189: Multi-gigabit transcever | B189: DP8_C2M_P | D189: Input | E189: 1 | F189: 0
A190: Multi-gigabit transcever | B190: DP8_C2M_N | D190: Input | E190: 1 | F190: 0
A191: Multi-gigabit transcever | B191: DP7_C2M_P | D191: Input | E191: 1 | F191: 0
A192: Multi-gigabit transcever | B192: DP7_C2M_N | D192: Input | E192: 1 | F192: 0
A193: Multi-gigabit transcever | B193: DP6_C2M_P | D193: Input | E193: 1 | F193: 0
A194: Multi-gigabit transcever | B194: DP6_C2M_N | D194: Input | E194: 1 | F194: 0
A195: Multi-gigabit transcever | B195: DP1_M2C_P | D195: Input | E195: 1 | F195: 0
A196: Multi-gigabit transcever | B196: DP1_M2C_N | D196: Input | E196: 1 | F196: 0
A197: Multi-gigabit transcever | B197: DP2_M2C_P | D197: Input | E197: 1 | F197: 0
A198: Multi-gigabit transcever | B198: DP2_M2C_N | D198: Input | E198: 1 | F198: 0
A199: Multi-gigabit transcever | B199: DP3_M2C_P | C199: Victor_P | D199: Input | E199: 1 | F199: 0
A200: Multi-gigabit transcever | B200: DP3_M2C_N | C200: Victor_N | D200: Output | E200: 1 | F200: 0
A201: Multi-gigabit transcever | B201: DP4_M2C_P | D201: Input | E201: 1 | F201: 0
A202: Multi-gigabit transcever | B202: DP4_M2C_N | D202: Input | E202: 1 | F202: 0
A203: Multi-gigabit transcever | B203: DP5_M2C_P | D203: Input | E203: 1 | F203: 0
A204: Multi-gigabit transcever | B204: DP5_M2C_N | D204: Input | E204: 1 | F204: 0
A205: Multi-gigabit transcever | B205: DP1_C2M_P | D205: Input | E205: 1 | F205: 0
A206: Multi-gigabit transcever | B206: DP1_C2M_N | D206: Input | E206: 1 | F206: 0
A207: Multi-gigabit transcever | B207: DP2_C2M_P | D207: Input | E207: 1 | F207: 0
...

Sheet FMC_Export_Sheet
A1: Name | B1: Alias | C1: Direction | D1: HPC or LPC
A2: =FMC_Setup_Sheet!B2 -> CLK2_BIDIR_P | B2: =FMC_Setup_Sheet!C2 -> Tim_P | C2: =FMC_Setup_Sheet!D2 -> Input | D2: =FMC_Setup_Sheet!E2 -> 1
A3: =FMC_Setup_Sheet!B3 -> CLK2_BIDIR_N | B3: =FMC_Setup_Sheet!C3 -> Tim_N | C3: =FMC_Setup_Sheet!D3 -> Output | D3: =FMC_Setup_Sheet!E3 -> 1
A4: =FMC_Setup_Sheet!B4 -> HA02_P | B4: =FMC_Setup_Sheet!C4 -> Sally_P | C4: =FMC_Setup_Sheet!D4 -> Input | D4: =FMC_Setup_Sheet!E4 -> 1
A5: =FMC_Setup_Sheet!B5 -> HA02_N | B5: =FMC_Setup_Sheet!C5 -> Sally_N | C5: =FMC_Setup_Sheet!D5 -> Output | D5: =FMC_Setup_Sheet!E5 -> 1
A6: =FMC_Setup_Sheet!B6 -> HA06_P | B6: =FMC_Setup_Sheet!C6 -> 0 | C6: =FMC_Setup_Sheet!D6 -> Input | D6: =FMC_Setup_Sheet!E6 -> 1
A7: =FMC_Setup_Sheet!B7 -> HA06_N | B7: =FMC_Setup_Sheet!C7 -> 0 | C7: =FMC_Setup_Sheet!D7 -> Input | D7: =FMC_Setup_Sheet!E7 -> 1
A8: =FMC_Setup_Sheet!B8 -> HA10_P | B8: =FMC_Setup_Sheet!C8 -> 0 | C8: =FMC_Setup_Sheet!D8 -> Input | D8: =FMC_Setup_Sheet!E8 -> 1
A9: =FMC_Setup_Sheet!B9 -> HA10_N | B9: =FMC_Setup_Sheet!C9 -> 0 | C9: =FMC_Setup_Sheet!D9 -> Input | D9: =FMC_Setup_Sheet!E9 -> 1
A10: =FMC_Setup_Sheet!B10 -> HA17_P_CC | B10: =FMC_Setup_Sheet!C10 -> 0 | C10: =FMC_Setup_Sheet!D10 -> Input | D10: =FMC_Setup_Sheet!E10 -> 1
A11: =FMC_Setup_Sheet!B11 -> HA17_N_CC | B11: =FMC_Setup_Sheet!C11 -> 0 | C11: =FMC_Setup_Sheet!D11 -> Input | D11: =FMC_Setup_Sheet!E11 -> 1
A12: =FMC_Setup_Sheet!B12 -> HA21_P | B12: =FMC_Setup_Sheet!C12 -> 0 | C12: =FMC_Setup_Sheet!D12 -> Input | D12: =FMC_Setup_Sheet!E12 -> 1
A13: =FMC_Setup_Sheet!B13 -> HA21_N | B13: =FMC_Setup_Sheet!C13 -> 0 | C13: =FMC_Setup_Sheet!D13 -> Input | D13: =FMC_Setup_Sheet!E13 -> 1
... A214: =FMC_Setup_Sheet!B214 -> DP5_C2M_N | B214: =FMC_Setup_Sheet!C214 -> 0 | C214: =FMC_Setup_Sheet!D214 -> Input | D214: =FMC_Setup_Sheet!E214 -> 1
